title,description,tag_id,starts_at,ends_at,price,place_id,organiser_id,source
Event #1,Feu préparer frère faim confier aimer renoncer.,6,2025-07-09 09:15:06,2025-07-09 14:15:06,13.69,18,108,ticketmaster
Event #2,Trois absolu durer saint chef chose.,2,2025-07-13 05:15:06,2025-07-13 11:15:06,38.03,23,41,facebook
Event #3,Pluie grain paquet éternel plante toi traverser dernier public d'abord.,1,2025-07-02 07:15:06,2025-07-02 09:15:06,37.83,7,52,ticketmaster
Event #4,Couche derrière nerveux mener votre disposer abri air petit bonheur mal droite.,4,2025-06-15 07:15:06,2025-06-15 11:15:06,27.71,21,54,facebook
Event #5,Roman religion souvenir violence naître imposer midi tard.,9,2025-06-28 02:15:06,2025-06-28 08:15:06,30.54,21,10,facebook
Event #6,Larme mentir réduire effacer jusque note gens ouvrir.,7,2025-07-11 08:15:06,2025-07-11 11:15:06,20.53,5,69,facebook
Event #7,Déclarer il toi bas mieux confier français cheveu porter.,4,2025-07-16 10:15:06,2025-07-16 15:15:06,28.76,21,112,facebook
Event #8,Terminer ton fille profiter falloir arrêter.,8,2025-07-06 03:15:06,2025-07-06 06:15:06,31.44,12,50,facebook
Event #9,Matière politique passer arrivée commencement maladie lettre bonheur plein autre.,6,2025-06-20 05:15:06,2025-06-20 10:15:06,5.07,3,5,facebook
Event #10,Droit fils paraître propos bête plante parvenir préparer apparaître.,6,2025-06-18 10:15:06,2025-06-18 13:15:06,0.18,6,69,ticketmaster
Event #11,Deviner distinguer armée décider gens tuer chair demeurer curieux forcer d'autres.,1,2025-06-23 07:15:06,2025-06-23 12:15:06,0.36,22,77,ticketmaster
Event #12,Poids suivant reculer courage santé vivre.,3,2025-06-18 23:15:06,2025-06-19 01:15:06,7.69,2,38,ticketmaster
Event #13,Compter sauver ignorer veiller ennemi lourd coucher.,4,2025-06-22 05:15:06,2025-06-22 09:15:06,35.03,18,89,ticketmaster
Event #14,Avant expression vin droite blond éternel amuser attendre large poussière.,3,2025-05-28 03:15:06,2025-05-28 05:15:06,9.4,25,17,ticketmaster
Event #15,Arrivée caractère cinq goutte important absence satisfaire quartier.,6,2025-06-14 03:15:06,2025-06-14 05:15:06,18.88,14,79,ticketmaster
Event #16,Dans adresser fenêtre tapis combat malgré étroit chaîne inviter seul détail.,2,2025-06-01 04:15:06,2025-06-01 09:15:06,11.52,3,93,facebook
Event #17,Imposer sein amuser le livrer relation ah partir séparer.,10,2025-07-23 04:15:06,2025-07-23 08:15:06,16.11,12,86,facebook
Event #18,Delà cher passion etc petit supérieur présent transformer pendant gens école tant à.,9,2025-07-06 07:15:06,2025-07-06 12:15:06,14.2,12,11,facebook
Event #19,Présenter faux tantôt fier dur homme parent d'autres nombre roman bouche abri arrière.,9,2025-06-27 07:15:06,2025-06-27 13:15:06,6.19,10,38,ticketmaster
Event #20,Ramasser enfermer contenter chaise diriger âgé amener décrire personne sombre.,3,2025-06-01 08:15:06,2025-06-01 13:15:06,20.17,21,97,facebook
Event #21,Yeux tôt décrire défendre derrière arriver.,3,2025-07-07 07:15:06,2025-07-07 12:15:06,8.22,5,66,facebook
Event #22,Passé être chair après passer douleur songer billet.,2,2025-06-02 10:15:06,2025-06-02 16:15:06,7.4,19,114,ticketmaster
Event #23,Face forcer allumer premier aussitôt pleurer retourner.,6,2025-06-03 06:15:06,2025-06-03 10:15:06,12.84,19,28,ticketmaster
Event #24,Fort haut plus franchir monter lueur rien fenêtre boire mourir complètement.,7,2025-07-18 23:15:06,2025-07-19 02:15:06,3.77,24,1,facebook
Event #25,Sauter chemin doute subir ville grain retenir retomber franchir fil prison.,5,2025-06-03 00:15:06,2025-06-03 06:15:06,39.27,9,8,facebook
Event #26,Reste obéir car oser palais lendemain espèce mêler fatigue que alors effort envelopper.,6,2025-06-28 08:15:06,2025-06-28 13:15:06,4.02,12,76,facebook
Event #27,Retourner éloigner naturel lèvre réveiller mémoire instinct fatigue.,6,2025-07-17 05:15:06,2025-07-17 07:15:06,26.44,18,55,facebook
Event #28,Machine dessus français angoisse regard cause.,4,2025-06-01 23:15:06,2025-06-02 04:15:06,34.43,14,16,facebook
Event #29,Hôtel son horizon arme témoin quand amener accent aile.,9,2025-06-29 06:15:06,2025-06-29 12:15:06,24.06,21,42,facebook
Event #30,Année sauvage mariage toujours payer victime.,6,2025-06-15 06:15:06,2025-06-15 09:15:06,16.5,17,30,ticketmaster
Event #31,Maladie autre événement traiter passage désormais paraître.,7,2025-07-22 11:15:06,2025-07-22 15:15:06,21.82,12,111,ticketmaster
Event #32,Espérer posséder ignorer moi sourire épaule article delà sorte nerveux.,4,2025-07-18 03:15:06,2025-07-18 05:15:06,33.48,25,119,facebook
Event #33,Pour tête immobile mariage parfaitement long.,8,2025-07-20 03:15:06,2025-07-20 09:15:06,11.03,2,9,facebook
Event #34,Répandre réunir partir semblable réussir faim secours tuer classe.,6,2025-07-03 00:15:06,2025-07-03 05:15:06,7.93,18,29,ticketmaster
Event #35,Avancer enfance fidèle soudain plein pointe exister accepter rien tout sourire.,4,2025-07-06 06:15:06,2025-07-06 12:15:06,39.33,9,83,facebook
Event #36,Intéresser manquer joli simple rare ni situation droit voie.,7,2025-06-13 09:15:06,2025-06-13 13:15:06,0.14,22,95,ticketmaster
Event #37,Réduire plonger supporter défendre inutile précipiter vide joli premier général.,9,2025-07-18 09:15:06,2025-07-18 15:15:06,2.96,25,50,facebook
Event #38,An accuser attention politique bon vague odeur extraordinaire apprendre genre.,8,2025-06-09 09:15:06,2025-06-09 15:15:06,8.64,1,112,ticketmaster
Event #39,Repas difficile voisin ni hôtel immobile même pays.,1,2025-06-19 05:15:06,2025-06-19 08:15:06,17.29,12,102,facebook
Event #40,Français très courir fuir fenêtre pareil étouffer.,1,2025-07-04 10:15:06,2025-07-04 15:15:06,29.67,22,60,ticketmaster
