user_id,provider,external_uid
1,tiktok,bbonnet
1,instagram,julienthibault
1,ticketmaster,6034498169
2,tiktok,margotde-sousa
2,instagram,blanchardlauren
2,linkedin,urn:li:person:d026616af87946d292cf57
2,ticketmaster,9440736133
3,facebook,132283029918
4,X,dufournathalie
4,instagram,gregnier
5,X,anne46
5,facebook,906657983543
5,tiktok,imarin
5,ticketmaster,6001570985
5,instagram,antoinefernande
5,linkedin,urn:li:person:4e2e63705f8f43539d7608
6,X,dgonzalez
6,facebook,748348169086
6,instagram,jthibault
6,linkedin,urn:li:person:d4bb6c8878c9437eb27eec
6,tiktok,hernandezmarcel
7,ticketmaster,2633214543
7,linkedin,urn:li:person:efa39d7007e1414d9af0cf
7,snapchat,ebwwyiwr
7,X,tarnaud
8,ticketmaster,7139260922
9,linkedin,urn:li:person:187f44a9606f4a90a4c207
9,snapchat,mkbqbcpm
9,ticketmaster,8401887384
9,facebook,930037861599
9,X,huetgabrielle
9,tiktok,chantaltecher
9,instagram,clairemaurice
10,facebook,266770644659
10,instagram,aubryconstance
10,X,olivier97
10,linkedin,urn:li:person:1ad32d8a9df34b6fbc4bbf
10,tiktok,benoitmartins
10,snapchat,tizxmuer
11,facebook,847511449158
11,X,paul51
11,instagram,denisgarcia
11,snapchat,rosnftkv
12,tiktok,guillaume19
12,X,louishoareau
13,ticketmaster,5222851495
13,X,kbigot
13,linkedin,urn:li:person:8f8ad40adbe24514878c86
13,snapchat,toiyludn
14,tiktok,ebegue
14,instagram,alexandrie32
14,facebook,982386552981
14,snapchat,tpijsthu
15,X,ericdiaz
15,linkedin,urn:li:person:674b8272c85846618a830d
15,snapchat,azcrylyi
16,instagram,collinrene
16,facebook,446712976349
17,X,gregoirejosephi
17,tiktok,marinefoucher
18,ticketmaster,3611746622
18,instagram,maryse08
18,linkedin,urn:li:person:ad6ca6fd075d4d2fb8a56a
18,facebook,182455149746
18,snapchat,fysprssi
18,X,patrick23
18,tiktok,abodin
19,instagram,clebrun
19,facebook,712226915429
20,linkedin,urn:li:person:360f5d19bc304bb7ade7c1
21,tiktok,perrinalfred
21,snapchat,lztnroih
22,linkedin,urn:li:person:128341ba8c8c417f85e561
22,instagram,martinbenoit
22,X,edith34
22,snapchat,dotxaoyl
23,linkedin,urn:li:person:dd9a7e9d226b436c9e5c0c
23,tiktok,guy22
24,tiktok,anoukmarchand
24,ticketmaster,7925417635
25,X,josette95
25,linkedin,urn:li:person:70406579ea464ad984ffd2
25,tiktok,arnaudpaul
25,ticketmaster,9979486808
26,X,valentine76
26,tiktok,josephine29
26,instagram,igirard
26,facebook,330217218913
26,snapchat,iczvlgcp
26,linkedin,urn:li:person:3c3abb9528d948199da451
27,facebook,843983675264
27,ticketmaster,5273893496
27,tiktok,marcclement
27,X,ebesson
27,snapchat,swdkikkx
28,facebook,132650533436
28,linkedin,urn:li:person:a3b93925f721443e809915
28,X,elisabethgonzal
28,instagram,etienne00
28,snapchat,sleuiqor
28,ticketmaster,8685221102
28,tiktok,aweiss
29,instagram,remy17
29,ticketmaster,6833637573
29,tiktok,goncalvesaudrey
29,facebook,729577561201
29,X,qnicolas
30,linkedin,urn:li:person:e49bce615f4a468a9e73c5
30,snapchat,sevtlbkw
31,instagram,fischervalentin
31,ticketmaster,1261918774
31,facebook,784492028852
31,tiktok,gomezlorraine
31,X,faivrepierre
32,ticketmaster,6849569139
32,snapchat,mhxohbtc
32,instagram,vincentbaudry
33,linkedin,urn:li:person:e60634b0df654438a67572
33,X,victoire10
33,tiktok,bruneaubertrand
34,tiktok,gilbert46
34,snapchat,isdfpzoi
34,instagram,albertoceane
34,facebook,184874109174
34,X,thibautdidier
34,ticketmaster,3439597605
35,facebook,846872228485
35,ticketmaster,3835861291
35,X,jlesage
35,linkedin,urn:li:person:72e917325a964b54a1d649
36,X,tfabre
36,linkedin,urn:li:person:3bdc6cfec8114c268b11fb
37,linkedin,urn:li:person:50739f438b8c4032b491f9
37,tiktok,sgilles
37,facebook,488346569136
37,snapchat,ciiicbik
38,ticketmaster,6088774957
38,facebook,270750676147
38,tiktok,bernardmorel
38,snapchat,hbnwbxsn
38,instagram,alegrand
38,X,laineemilie
39,snapchat,uchiewod
39,X,meunierbenoit
39,tiktok,arthur20
39,ticketmaster,1768656972
39,instagram,elesage
39,facebook,402362871906
39,linkedin,urn:li:person:481e07a874a6419ea536b9
40,snapchat,vthgprld
40,instagram,gabriel52
40,X,carolinelecomte
40,ticketmaster,9905029805
41,snapchat,zflblquu
41,facebook,907784137502
41,linkedin,urn:li:person:afcf2fe522524d87aa986b
42,instagram,auguste16
42,snapchat,sekmpuyq
42,X,barrechristelle
42,facebook,556236842064
43,tiktok,susan97
43,linkedin,urn:li:person:4b9b6873366148e8af400a
43,instagram,pineauchristine
43,facebook,190036875362
43,snapchat,xnegugvj
43,ticketmaster,1151221905
43,X,astriddelannoy
44,tiktok,lucas52
44,ticketmaster,7389092112
44,facebook,751458650983
44,X,bernardcosta
45,facebook,691257334716
45,X,julienwilliam
45,tiktok,isabelle77
46,facebook,525583933610
46,linkedin,urn:li:person:d643bc5cf6f04a89bc66ac
47,X,margueritedias
48,ticketmaster,8674101564
48,tiktok,theresejoly
48,facebook,549620316104
48,X,elise72
48,snapchat,xmbhyusv
48,instagram,laetitiaraynaud
48,linkedin,urn:li:person:67c58311745e492eb983b0
49,ticketmaster,1916003086
49,snapchat,hbaorlep
49,linkedin,urn:li:person:c942488af8a74873a15566
49,facebook,981706176026
49,tiktok,theresedurand
49,X,margaud13
49,instagram,suzannejoly
50,X,zmasse
50,tiktok,leon00
50,linkedin,urn:li:person:eac947d6b6b34adeaf8dc6
50,instagram,pelletieranouk
50,snapchat,vatpcwep
50,ticketmaster,9113601702
51,X,ffernandes
51,ticketmaster,9080013687
52,tiktok,ufleury
52,linkedin,urn:li:person:dddcdb10b59b495aba04d4
52,instagram,jacquesperrier
52,ticketmaster,2811207236
52,X,celine66
52,snapchat,fuzuryxu
52,facebook,487190848234
53,instagram,joseph99
53,tiktok,paulallard
54,tiktok,lucy96
54,facebook,213797655267
54,instagram,josette47
54,snapchat,egosvymz
54,X,marie78
54,ticketmaster,5244253472
54,linkedin,urn:li:person:546a8c4f10a94241a56677
55,instagram,petitjeanstepha
55,ticketmaster,8232630777
56,facebook,889855709080
56,snapchat,nhhlpymx
57,linkedin,urn:li:person:c07ecc72597048148ff578
57,facebook,948382124082
57,X,boulangerpenelo
58,X,milletcorinne
58,facebook,301018017078
58,tiktok,eda-costa
58,linkedin,urn:li:person:726bed64bf8e4634a03c8b
58,ticketmaster,1236374995
58,snapchat,tmttztfd
58,instagram,laurecarre
59,X,sabine48
60,ticketmaster,5140023973
60,linkedin,urn:li:person:b4e28f94276f47fbb245c4
60,instagram,hebertjulien
60,snapchat,yrntowix
60,facebook,824859784610
60,X,luc60
61,facebook,516492053917
61,tiktok,eugene20
61,X,davidhamel
61,instagram,isabelle60
62,snapchat,abrnxpzu
63,linkedin,urn:li:person:dd92734bfd65491780ff6b
63,facebook,953914335467
63,X,marievincent
63,snapchat,ynfefcqe
63,tiktok,dlaroche
63,instagram,bsimon
63,ticketmaster,1646934911
64,ticketmaster,8403970160
64,instagram,henriguillet
64,linkedin,urn:li:person:c510f5cac4d44ffb8b4ad8
64,snapchat,cookeedt
64,X,alixmaillet
64,facebook,814524680548
64,tiktok,ltoussaint
65,instagram,guillaume39
65,snapchat,lajwbdwb
65,linkedin,urn:li:person:b0b43192b7df489eb2c72c
65,facebook,176864304711
66,instagram,xavier17
66,tiktok,martin66
66,snapchat,wtzewctd
66,facebook,838230984607
66,X,dominique49
67,linkedin,urn:li:person:981fd85aa07d41d6b5686e
67,instagram,danielgodard
67,ticketmaster,3728871984
67,tiktok,alfred50
67,snapchat,yowqrwdb
68,instagram,frederique47
68,linkedin,urn:li:person:5aa85ea035354804ac7d7d
68,tiktok,martinethomas
68,facebook,881193071206
68,snapchat,urxtcclx
68,ticketmaster,6830812351
69,facebook,320595626964
69,linkedin,urn:li:person:5874c756dfbe47aaa6710e
69,ticketmaster,3234489466
69,X,meunierelisabet
69,snapchat,diosgpng
69,instagram,penelopegermain
70,snapchat,givontbg
70,instagram,zachariedelattr
71,X,laurechevallier
71,instagram,pauljacquot
71,tiktok,denis16
71,snapchat,bhwjtvwr
71,linkedin,urn:li:person:66ebbcc5e04241c9afca50
71,ticketmaster,2279336173
72,snapchat,srqfwoxu
72,instagram,hebertvalentine
72,linkedin,urn:li:person:989e9bd13e26405e932493
73,linkedin,urn:li:person:8f194878c7f44da092bfb1
73,ticketmaster,6835873078
73,X,mercieragathe
74,instagram,marcellecomte
74,X,lucas15
74,facebook,573906261013
75,facebook,530893610567
75,snapchat,mmdvathh
76,X,labbelaurence
76,instagram,mauricebaudry
76,linkedin,urn:li:person:67060a8a55b64ddabacb59
77,facebook,994887991763
78,X,thierry66
78,tiktok,mailletfrancois
78,instagram,svalette
78,snapchat,skpsoaga
78,linkedin,urn:li:person:ad533318bb984d1090ddf0
79,ticketmaster,9550373563
79,facebook,807121483675
79,snapchat,zpcfqkwp
79,linkedin,urn:li:person:3894e4a3496b4a7d8b7447
79,X,ttexier
79,instagram,vleduc
79,tiktok,bclerc
80,facebook,962735927075
80,tiktok,celinaloiseau
80,instagram,lemonniervirgin
80,linkedin,urn:li:person:8ab97d477cf04fef8cec2a
80,snapchat,iazgskvr
80,ticketmaster,5158596837
81,tiktok,adelaide69
81,ticketmaster,8230174921
81,X,lemoinehugues
81,instagram,gleconte
81,snapchat,odyeppsr
82,facebook,723133672612
82,ticketmaster,8468733520
83,ticketmaster,6813741152
83,snapchat,tacfwshv
83,tiktok,dorothee49
83,X,marguerite30
84,X,gimenezremy
84,facebook,508779765712
84,instagram,verdiergeorges
84,snapchat,bsltazff
84,ticketmaster,4184190869
85,instagram,wdumas
85,linkedin,urn:li:person:acca32337da249fc870ba6
85,snapchat,egzwzwyj
85,tiktok,pierre22
86,instagram,yleclerc
86,X,cmasson
87,tiktok,ribeirodenis
87,facebook,634294554095
87,instagram,germainanne
87,linkedin,urn:li:person:06cb3771cbfa4e70926de4
87,ticketmaster,9734370171
88,instagram,zoe47
88,linkedin,urn:li:person:d798a41bc7a94e76b04b83
88,snapchat,uuudaonp
88,X,valentineregnie
88,ticketmaster,1592667782
89,X,ypons
89,tiktok,blefort
89,instagram,monique37
89,facebook,414526339743
90,ticketmaster,7484865733
90,X,wcollet
90,snapchat,lwginsoe
90,tiktok,elisabethcolas
91,X,anaisgaillard
91,linkedin,urn:li:person:45689133e4474eefb86dd4
92,ticketmaster,8896314878
92,tiktok,francoisejacob
92,X,edouardhoareau
92,instagram,alexclerc
93,tiktok,llacombe
93,facebook,688802088662
93,ticketmaster,6564843292
93,snapchat,cxxqxizc
93,linkedin,urn:li:person:3c8fa9b23a1743ff809f37
93,X,bpoulain
94,tiktok,matthieu52
94,X,alphonse46
94,facebook,710633196229
94,snapchat,ywhgrboy
94,ticketmaster,5479151453
94,linkedin,urn:li:person:d7fe42dac1f740a78779ea
95,instagram,lelievrepatrici
95,tiktok,mariannegeorges
96,snapchat,uhdezehu
96,tiktok,slambert
96,ticketmaster,3312328145
96,linkedin,urn:li:person:8fda5f343332450284ff62
97,ticketmaster,9414959370
97,X,kbailly
97,tiktok,isabelle74
97,linkedin,urn:li:person:299a17647c1049749ecfff
98,instagram,tanguymarc
98,tiktok,madeleinedescam
98,linkedin,urn:li:person:ed15d8c621304e308995a9
98,ticketmaster,9126858561
98,facebook,153681359974
99,facebook,745356657709
99,ticketmaster,9638386979
99,linkedin,urn:li:person:8218c8179719444dbf3ab8
99,snapchat,prxnuhto
99,tiktok,ncharpentier
100,snapchat,uopbyvec
100,instagram,josephdubois
100,linkedin,urn:li:person:a7c84e8ed8704d969175fe
100,ticketmaster,6934085416
100,tiktok,michele63
100,facebook,739688723388
101,tiktok,genevieveferrei
102,snapchat,tzlvniks
103,tiktok,alexandriechauv
103,X,alexandrebodin
104,ticketmaster,8343963264
104,linkedin,urn:li:person:b1266ff0ebd24693a21e33
104,instagram,lefevrevictoire
104,tiktok,margauxmendes
105,linkedin,urn:li:person:6247936655b548149cb54e
105,facebook,831455192277
106,facebook,460793711857
106,ticketmaster,1317230068
106,X,uvidal
106,linkedin,urn:li:person:0a66821659654685b26493
106,tiktok,gillesfrancois
106,instagram,sebastien73
107,instagram,olegrand
107,tiktok,danielluc
107,facebook,789916087574
108,X,marcel17
108,ticketmaster,4257051450
109,facebook,327495140793
109,linkedin,urn:li:person:59f75c9fcbf54e1b879d0d
109,ticketmaster,7135910996
109,snapchat,vndtpjcf
110,snapchat,mdffxcfd
110,facebook,241662995558
110,X,aimeechauvin
110,ticketmaster,1412320859
111,linkedin,urn:li:person:076ac1670f144559bb1575
111,instagram,beckermargot
111,X,lebretonlorrain
112,facebook,839617526272
112,tiktok,lemonnieraime
113,facebook,701158085329
113,ticketmaster,6070131726
113,X,thoareau
114,X,maillardsusan
114,instagram,tjacob
114,ticketmaster,5137268436
114,linkedin,urn:li:person:b4364f2264ab4256abd077
115,tiktok,picardalexandre
115,snapchat,durocxju
116,linkedin,urn:li:person:114fdc3580ba408ab069bb
117,facebook,375414296424
117,snapchat,kmdfzsqb
117,linkedin,urn:li:person:3f890727266f46e5ab752d
117,instagram,rouxsusan
117,tiktok,guyonjosette
117,X,roland00
117,ticketmaster,3595134359
118,linkedin,urn:li:person:1030a239ba7d4ffa97345c
118,ticketmaster,7035976659
118,X,smarechal
118,instagram,nchauveau
119,linkedin,urn:li:person:14c50fd17ec94764832b4e
119,instagram,lainemarianne
119,X,clercmathilde
120,ticketmaster,6282675771
120,instagram,gonzalezadrienn
120,facebook,741602666309
120,tiktok,sophie51
