pseudo,email,height_cm,weight_kg,eye_color,city,country,gender,orientation,birthday
edithlaunay1,victor29@example.net,182,87.1,hazel,Delaunaynec,France,woman,other,2005-10-30
margaux642,mchauvet@example.com,184,63.5,blue,Louis,France,woman,other,1989-04-20
eleonoreblanc3,marcelleboulanger@example.com,186,94.9,hazel,Normand,France,man,other,1976-07-23
francoismartinez4,simonethierry@example.org,188,51.1,hazel,Sainte Guillaume,France,woman,heterosexual,1976-10-25
simone355,graymond@example.net,198,51.3,hazel,Goncalves,France,man,other,2000-04-09
valentine336,marie12@example.org,189,77.3,hazel,Chrétien,France,man,other,1995-07-03
gregoiredupuis7,xavier23@example.com,152,56.5,brown,Guyot,France,man,heterosexual,1988-12-05
zacharie248,hardyedith@example.net,188,55.7,hazel,Gilbert,France,man,heterosexual,1970-05-08
guillaumelenoir9,bouvetolivier@example.com,170,64.4,blue,Gimenez,France,man,heterosexual,1986-11-05
elisabeth8810,thierryjulien@example.net,183,50.8,blue,Renard,France,man,other,2004-08-29
qbecker11,claude92@example.org,199,94.2,hazel,François-sur-Breton,France,woman,heterosexual,2005-11-16
bertrandperrin12,dufouramelie@example.net,192,93.2,blue,Gomez,France,man,heterosexual,1970-02-26
mlemaire13,noemisanchez@example.org,172,66.5,hazel,Foucher,France,woman,heterosexual,1973-01-21
martine3714,anoukbonnin@example.net,154,72.6,brown,Rolland,France,man,other,1978-10-13
rledoux15,picardyves@example.com,176,53.1,green,Lebrun-la-Forêt,France,man,heterosexual,2001-09-22
marine7116,levequemaryse@example.org,186,58.0,green,DanielVille,France,man,other,2004-12-18
oribeiro17,xavier65@example.org,162,77.5,brown,Gomesboeuf,France,man,heterosexual,1973-12-24
de-sousaeleonore18,alphonsefernandes@example.net,189,91.7,hazel,Mallet,France,woman,other,1990-09-30
isabellemerle19,gerardda-silva@example.com,154,64.1,hazel,Hubert-sur-Mary,France,man,other,1972-02-04
grousset20,neveuguillaume@example.org,185,85.0,green,Saint Xavier,France,woman,heterosexual,1980-12-17
isabelleclerc21,pierremarthe@example.com,195,62.5,green,Saint Frédéric-les-Bains,France,woman,other,1971-08-18
adelaidefontaine22,lejeuneveronique@example.org,166,90.9,hazel,Ferreira,France,woman,other,1979-03-26
wblin23,usanchez@example.com,152,53.7,hazel,Blot,France,man,other,1996-04-19
bbailly24,lerouxjules@example.net,158,53.9,blue,Sanchez,France,man,other,1989-08-03
laure6725,costamichelle@example.net,191,55.7,blue,Chevalier,France,woman,heterosexual,1991-06-26
hugueslegendre26,dtanguy@example.net,190,98.9,hazel,Saint Matthieu-les-Bains,France,man,heterosexual,1996-01-29
andregerard27,margotmasson@example.com,170,68.4,brown,Lambert-les-Bains,France,man,other,1977-02-23
zriviere28,ofischer@example.org,170,82.3,blue,Muller,France,woman,other,1990-05-11
sdubois29,alexandrelenoir@example.org,163,65.2,brown,Saint Yves,France,woman,other,2006-05-29
pbodin30,chantal20@example.com,166,73.1,hazel,Gauthier-les-Bains,France,man,other,1981-12-08
oliviebertrand31,nmace@example.com,200,96.7,brown,Moreno,France,woman,other,1983-12-03
gerardhelene32,rossimarcel@example.org,157,90.6,green,Ribeiro,France,woman,heterosexual,1973-07-25
oceaneferrand33,duhamelpatricia@example.org,189,56.1,blue,Lecomte-sur-Vincent,France,woman,heterosexual,2000-10-19
andre9934,maheroger@example.com,152,66.7,brown,Saint Lucy,France,woman,other,2006-09-10
jvidal35,marinemillet@example.org,199,90.7,brown,De Oliveira,France,man,heterosexual,1983-09-09
camusjosephine36,jbrunet@example.com,194,87.7,green,Saint Françoisedan,France,man,other,1993-01-28
moulinsusan37,jacqueline80@example.com,171,98.9,hazel,Faure,France,woman,heterosexual,1974-03-30
julieblot38,paulpicard@example.org,155,54.6,hazel,Evrard,France,man,heterosexual,2005-07-08
christiane0939,adelaide88@example.com,175,58.8,blue,Blondel,France,man,heterosexual,2002-04-16
raymondvalerie40,philippe98@example.net,193,84.3,blue,Vasseur,France,woman,heterosexual,1993-01-30
gguillon41,bazinmargaret@example.com,197,54.2,green,Clémentnec,France,woman,other,1998-08-09
pcharpentier42,mbonnet@example.net,150,86.7,green,Jacob-sur-Moreno,France,woman,other,2005-03-07
gregoire9643,laurepottier@example.com,157,66.0,green,Laurent,France,woman,heterosexual,1983-08-19
vidalrobert44,noelroux@example.net,153,64.2,blue,Nicolasnec,France,woman,heterosexual,1998-10-15
ubesson45,nathalieblin@example.org,191,85.0,blue,Sainte Odette,France,man,heterosexual,1982-08-06
anneguerin46,marcel25@example.org,177,83.8,green,Cordier-la-Forêt,France,man,heterosexual,1972-07-29
aliceboyer47,maggie64@example.net,172,88.9,hazel,Teixeiradan,France,man,heterosexual,2001-06-21
gerardlaurent48,davidgros@example.com,183,67.5,hazel,Saint FranckBourg,France,man,heterosexual,1989-03-12
marchalvalerie49,renemartel@example.com,188,77.7,hazel,Gallet,France,woman,other,1972-02-12
achauvin50,thierryodette@example.com,191,56.1,blue,Morin,France,man,other,1969-09-09
yvincent51,michele61@example.net,165,65.3,blue,Schneider-sur-Potier,France,woman,other,2004-10-15
augustin9452,simonejourdan@example.com,160,58.2,green,Sainte Josettedan,France,woman,other,1969-10-09
utessier53,da-silvajeanne@example.org,168,75.1,hazel,Gaudin,France,man,heterosexual,1986-06-08
humbertbrigitte54,mgrenier@example.org,191,90.1,hazel,Saint Antoinette-les-Bains,France,man,heterosexual,1998-04-08
emmanuelmartineau55,dufouradelaide@example.com,165,91.2,green,Costa-sur-Lefebvre,France,man,other,2002-11-13
valeriebaudry56,imasse@example.org,200,83.6,hazel,Seguin,France,woman,heterosexual,1973-11-06
catherinebourdon57,jacquelinelaroche@example.com,159,80.1,blue,Nguyen,France,woman,other,1973-01-28
courtoisemilie58,merlejulien@example.com,176,94.1,blue,Collin,France,man,other,1974-05-11
emilieaubry59,pichonclaudine@example.com,193,80.2,green,Collet,France,man,heterosexual,1990-06-12
slemaire60,jpicard@example.org,165,51.1,brown,Chartier-sur-Vallée,France,woman,heterosexual,1969-07-11
bazingeorges61,dominiquegeorges@example.com,159,60.1,green,Pruvost-sur-Carlier,France,man,heterosexual,2000-11-25
guillaumebriand62,georges07@example.net,188,97.3,green,Martin,France,man,heterosexual,1991-01-24
dominique4163,helenemenard@example.com,171,84.7,brown,Lopez,France,man,other,1979-12-07
zoeleroux64,michelrenard@example.org,191,87.2,hazel,Lacombe,France,woman,other,1970-10-29
jfrancois65,nathpascal@example.org,180,62.3,green,Sainte Maggie-les-Bains,France,man,heterosexual,1973-06-16
dominiquemorin66,kleinchristiane@example.com,151,65.3,hazel,Hardynec,France,man,heterosexual,1970-03-03
oguillet67,dorothee80@example.net,194,60.9,brown,Millet,France,man,other,1993-02-09
jourdanclaude68,gerard87@example.com,193,74.0,blue,Grondin,France,woman,heterosexual,2001-07-23
sabinerenard69,lpaul@example.net,184,78.4,brown,Saint CapucineVille,France,woman,other,1994-01-21
catherineroussel70,marcellenoel@example.net,152,57.0,hazel,Étienneboeuf,France,man,heterosexual,1989-01-09
thomas2971,dvalentin@example.com,154,83.5,hazel,Duhamel,France,man,heterosexual,1985-06-14
fcohen72,mullerandre@example.org,193,98.9,hazel,Briand-la-Forêt,France,woman,other,1983-07-03
omaillet73,egomez@example.org,199,84.3,brown,Caron,France,woman,other,1974-01-06
francoisebreton74,guerinmarine@example.net,156,85.0,blue,Guérin,France,man,other,1984-07-02
philipperoger75,xavier89@example.net,151,66.4,blue,Lelièvre-sur-Mer,France,woman,other,1977-05-16
antoine1376,pcarpentier@example.org,188,63.4,green,Collin-sur-Delmas,France,woman,other,1979-09-13
hubertdominique77,wweber@example.net,198,88.7,hazel,Guibert-sur-Michel,France,woman,other,1975-04-26
antoinetteribeiro78,gillesbonnin@example.net,170,54.5,hazel,Rémydan,France,woman,heterosexual,1975-10-05
lesagefrancoise79,moreauoceane@example.com,175,67.4,brown,Arnauddan,France,woman,heterosexual,1994-12-09
henri0080,marthe56@example.net,150,72.1,brown,Coulon,France,woman,heterosexual,1981-08-27
wagnerclaudine81,barthelemyelodie@example.net,165,55.3,green,Meunier,France,woman,heterosexual,1987-03-15
margaret9882,troyer@example.org,185,64.5,blue,Durand,France,woman,heterosexual,1977-08-11
michele5883,rogersusan@example.com,150,94.3,green,Barthelemydan,France,man,heterosexual,2000-10-04
josephinegilbert84,cboutin@example.net,152,81.6,blue,Sainte Michel,France,man,other,2001-12-09
alfredgrenier85,simonbernadette@example.com,161,81.5,green,Sainte Emmanueldan,France,woman,other,1977-10-08
aurelievalentin86,bazinpatricia@example.org,172,54.2,hazel,Guichard,France,man,other,1972-07-05
vincentblot87,franck68@example.com,191,76.3,green,Saint Marcel-les-Bains,France,man,heterosexual,1970-02-28
emile9788,rossijeannine@example.org,154,92.1,green,Lejeune-sur-Mer,France,woman,heterosexual,1973-02-16
david8389,danielle27@example.org,178,81.8,green,Sainte Christophe,France,woman,other,1973-11-28
josephine0990,amaillard@example.com,159,59.6,brown,Simon-la-Forêt,France,woman,other,1987-03-23
zpineau91,mathilderegnier@example.com,167,79.3,green,Sainte ChristelleVille,France,man,other,2005-12-02
benoit2392,gaylaetitia@example.net,171,88.8,brown,Legros-sur-Lemaître,France,man,other,1978-04-28
plecoq93,martinschantal@example.com,199,93.4,brown,Rodrigues,France,woman,other,1990-12-13
agathelebon94,jerome98@example.com,174,59.9,hazel,Bigotboeuf,France,woman,other,2005-03-28
zgros95,odette27@example.net,178,78.4,green,GrosBourg,France,woman,other,1983-08-08
humbertnathalie96,lgay@example.com,198,60.9,hazel,Gonzalez,France,woman,heterosexual,1998-03-28
arnaudtimothee97,genevievemunoz@example.net,179,99.8,brown,Saint CélineVille,France,woman,heterosexual,2007-03-15
georges7398,marine51@example.net,199,93.5,hazel,Normand-les-Bains,France,woman,other,1989-11-01
igillet99,reneechauveau@example.net,199,90.7,brown,Sainte Robert,France,man,heterosexual,1978-11-25
qjacquet100,bourdonelodie@example.net,150,67.3,green,Baudry,France,man,heterosexual,1975-09-09
lucysalmon101,audreymichaud@example.com,183,80.8,green,ClémentBourg,France,man,heterosexual,1988-10-14
ymunoz102,gilbert57@example.org,198,63.4,hazel,Lacombe,France,woman,heterosexual,1989-02-14
ufouquet103,bretonantoine@example.org,199,91.2,hazel,Julien,France,woman,other,1979-06-17
knguyen104,gayyves@example.com,185,99.6,green,DiasBourg,France,man,heterosexual,1992-11-04
philippe64105,edith12@example.com,156,70.5,blue,Gaillard,France,man,heterosexual,1978-02-12
ppoirier106,noel34@example.net,155,84.5,green,Launay,France,woman,other,1978-10-05
npotier107,david08@example.com,185,80.1,blue,Saint Édith,France,man,other,1986-02-06
sabineolivier108,dmuller@example.net,154,71.8,hazel,Sainte Michèlenec,France,woman,other,1979-09-24
richardnathalie109,jguerin@example.com,173,86.1,brown,Saint Gilbert,France,woman,other,1974-08-03
blinchristine110,hervemichele@example.org,182,97.4,blue,Coulon,France,man,heterosexual,2006-09-25
vasseuraurelie111,olliviergabriel@example.net,174,70.4,green,Saint Julietteboeuf,France,woman,other,1980-10-14
cousincaroline112,cjean@example.net,197,86.6,green,Gilles-sur-Lelièvre,France,woman,other,2000-01-15
patriciadelahaye113,francoise85@example.com,164,88.7,blue,Grenier,France,woman,other,1970-12-11
vincentlagarde114,gerardbrigitte@example.com,169,60.5,hazel,Saint Clémence,France,man,other,1988-10-28
pagesclaudine115,celinejean@example.com,190,54.6,blue,Besnardboeuf,France,man,other,2003-07-06
qfrancois116,aime45@example.com,182,78.7,blue,Dupont,France,woman,heterosexual,1997-05-22
beguesylvie117,jeangenevieve@example.com,167,67.3,hazel,Bouvier,France,woman,other,1980-05-14
de-sousaantoine118,blinmarthe@example.net,200,66.5,green,Marchal,France,woman,other,1999-03-12
mle-roux119,claireaubry@example.org,195,70.9,green,Girard,France,man,heterosexual,2007-04-25
stephaneperrier120,bretonzoe@example.com,196,55.8,brown,Fabre,France,man,other,1987-01-12
